{
   "txFeePerByte":125936,
   "txFeeFixed":708372,
   "maxBlockBodySize":1,
   "maxTxSize":1,
   "maxBlockHeaderSize":1,
   "stakeAddressDeposit":568321,
   "stakePoolDeposit":525721,
   "poolRetireMaxEpoch":0,
   "stakePoolTargetNum":1,
   "poolPledgeInfluence":4.00525056366491892,
   "monetaryExpansion":0.956320129784306867,
   "treasuryCut":0.1704528968981345,
   "minPoolCost":805247,
   "costModels":{
      "PlutusV1":[ 0, -1, 0, 1, 1, -1, 0, -1, 0, -1, 1, 1, 0, 1, 0, 0, -1, 0, -1, 0, 0, -1, 1, 0, 1, -1, 0, 1, 1, 0, 1, 1, -1, 1, 0, 1, 1, -1, -1, -1, 1, 1, -1, 0, 0, 1, 1, 0, -1, 1, -1, -1, -1, 0, -1, 1, -1, -1, 1, -1, 1, 0, 0, 0, 0, 1, 0, 1, 1, 1, 1, 0, 0, 0, 1, 0, -1, -1, 0, -1, -1, 0, -1, 1, 1, -1, 0, 0, 1, 0, 1, 1, -1, -1, 0, -1, -1, 1, 0, 1, 0, 1, 1, 1, 0, 0, 1, 0, -1, 1, -1, -1, -1, -1, 1, 0, 1, -1, 1, 1, 1, 0, -1, 1, 1, 0, 0, 1, -1, 1, 1, 0, -1, -1, 0, -1, 1, 0, 1, 1, 1, 1, 1, -1, 0, 1, 1, 0, 0, -1, 0, 0, -1, -1, -1, -1, 0, -1, 0, -1, -1, 0, 0, 1, 0, 1 ],
      "PlutusV2":[ -1, 1, -1, -1, -1, 0, 1, 1, 0, -1, -1, 0, -1, 0, 1, 1, 0, 0, -1, 1, -1, 0, -1, 0, 0, -1, 1, -1, 0, 1, 1, 0, -1, -1, -1, -1, 1, 0, -1, -1, 0, -1, 0, -1, 0, 1, 0, 1, -1, 1, -1, 1, -1, 0, -1, 1, -1, -1, -1, 0, -1, -1, 1, 0, -1, -1, -1, -1, 0, 0, -1, 0, 0, 0, 1, 1, -1, -1, 0, 0, 1, 0, 0, -1, 1, 0, 1, 1, -1, 1, 0, 0, 0, 1, -1, -1, -1, 1, 0, 0, -1, -1, 0, 1, 1, -1, 1, -1, -1, -1, -1, -1, -1, 0, 1, -1, 0, -1, 0, -1, 0, 0, 1, 1, 0, -1, 0, 0, -1, 1, 0, 1, 1, 1, -1, 0, -1, -1, -1, 0, 0, -1, 0, 1, 1, 0, 1, 1, 1, 1, 1, -1, 0, 1, -1, 1, 1, 0, -1, 1, 0, 1, 0, 1, -1, -1, 0, -1, -1, 1, 0, 1, -1, -1, -1 ]
   },
   "executionUnitPrices":{ "priceMemory":1708.666753535008936, "priceSteps":9548718419223053632 },
   "maxTxExecutionUnits":{
      "memory":5032611896682840784,
      "steps":4247616078198573105
   },
   "maxBlockExecutionUnits":{
      "memory":7479707704554150331,
      "steps":1214717225589080517
   },
   "maxValueSize":1,
   "collateralPercentage":0,
   "maxCollateralInputs":0,
   "utxoCostPerByte":441050,
   "protocolVersion":{
      "major":7,
      "minor":1
   }
}
