{
    "collateralPercentage": 51,
    "executionUnitPrices": {
        "priceMemory": 6.137517258401616982e11,
        "priceSteps": {
            "denominator": 10000000000000000000,
            "numerator": 1696353860530125441
        }
    },
    "maxBlockBodySize": 3741615427,
    "maxBlockExecutionUnits": {
        "memory": 5340798538510690129,
        "steps": 4878948358509797471
    },
    "maxBlockHeaderSize": 7370,
    "maxCollateralInputs": 45,
    "maxValueSize": 39,
    "minPoolCost": 855261,
    "monetaryExpansion": 0.2,
    "poolPledgeInfluence": 6.790200579626650307,
    "poolRetireMaxEpoch": 1676560372,
    "stakeAddressDeposit": 40,
    "stakePoolDeposit": 395789,
    "stakePoolTargetNum": 40749,
    "treasuryCut": 0.34109,
    "txFeeFixed": 6885219318821525240
}
